{
    "name": "root",
    "gauges": {
        "PlayerBehaviour.Policy.Entropy.mean": {
            "value": 2.3296966552734375,
            "min": 2.2940704822540283,
            "max": 2.684474229812622,
            "count": 69
        },
        "PlayerBehaviour.Policy.Entropy.sum": {
            "value": 13884.9921875,
            "min": 9253.408203125,
            "max": 15860.9873046875,
            "count": 69
        },
        "PlayerBehaviour.Step.mean": {
            "value": 959968.0,
            "min": 619968.0,
            "max": 959968.0,
            "count": 69
        },
        "PlayerBehaviour.Step.sum": {
            "value": 959968.0,
            "min": 619968.0,
            "max": 959968.0,
            "count": 69
        },
        "PlayerBehaviour.Policy.ExtrinsicValueEstimate.mean": {
            "value": 11.235514640808105,
            "min": 10.675243377685547,
            "max": 12.258453369140625,
            "count": 69
        },
        "PlayerBehaviour.Policy.ExtrinsicValueEstimate.sum": {
            "value": 584.2467651367188,
            "min": 447.28704833984375,
            "max": 633.2767944335938,
            "count": 69
        },
        "PlayerBehaviour.Environment.EpisodeLength.mean": {
            "value": 199.0,
            "min": 199.0,
            "max": 199.0,
            "count": 69
        },
        "PlayerBehaviour.Environment.EpisodeLength.sum": {
            "value": 5970.0,
            "min": 3980.0,
            "max": 5970.0,
            "count": 69
        },
        "PlayerBehaviour.Environment.CumulativeReward.mean": {
            "value": 25.666664397716524,
            "min": 21.833331553141274,
            "max": 27.749998492002486,
            "count": 69
        },
        "PlayerBehaviour.Environment.CumulativeReward.sum": {
            "value": 769.9999319314957,
            "min": 444.99997758865356,
            "max": 804.999947309494,
            "count": 69
        },
        "PlayerBehaviour.Policy.ExtrinsicReward.mean": {
            "value": 25.666664397716524,
            "min": 21.833331553141274,
            "max": 27.749998492002486,
            "count": 69
        },
        "PlayerBehaviour.Policy.ExtrinsicReward.sum": {
            "value": 769.9999319314957,
            "min": 444.99997758865356,
            "max": 804.999947309494,
            "count": 69
        },
        "PlayerBehaviour.Losses.PolicyLoss.mean": {
            "value": 0.07648202841214481,
            "min": 0.05617103761830737,
            "max": 0.09111236491137081,
            "count": 69
        },
        "PlayerBehaviour.Losses.PolicyLoss.sum": {
            "value": 0.15296405682428962,
            "min": 0.058520117066800596,
            "max": 0.15986821868176027,
            "count": 69
        },
        "PlayerBehaviour.Losses.ValueLoss.mean": {
            "value": 3.323592617852347,
            "min": 2.8357491313086616,
            "max": 3.4963311386108398,
            "count": 69
        },
        "PlayerBehaviour.Losses.ValueLoss.sum": {
            "value": 6.647185235704694,
            "min": 2.843528838384719,
            "max": 6.676739350273495,
            "count": 69
        },
        "PlayerBehaviour.Policy.LearningRate.mean": {
            "value": 1.2456095847999999e-05,
            "min": 1.2456095847999999e-05,
            "max": 0.00011426406191199998,
            "count": 69
        },
        "PlayerBehaviour.Policy.LearningRate.sum": {
            "value": 2.4912191695999997e-05,
            "min": 1.7448094183999998e-05,
            "max": 0.00022411212529600003,
            "count": 69
        },
        "PlayerBehaviour.Policy.Epsilon.mean": {
            "value": 0.104152,
            "min": 0.104152,
            "max": 0.13808800000000002,
            "count": 69
        },
        "PlayerBehaviour.Policy.Epsilon.sum": {
            "value": 0.208304,
            "min": 0.105816,
            "max": 0.27470400000000006,
            "count": 69
        },
        "PlayerBehaviour.Policy.Beta.mean": {
            "value": 0.00042478480000000015,
            "min": 0.00042478480000000015,
            "max": 0.0038149912000000003,
            "count": 69
        },
        "PlayerBehaviour.Policy.Beta.sum": {
            "value": 0.0008495696000000003,
            "min": 0.0005910183999999995,
            "max": 0.007482929600000002,
            "count": 69
        },
        "PlayerBehaviour.IsTraining.mean": {
            "value": 1.0,
            "min": 1.0,
            "max": 1.0,
            "count": 69
        },
        "PlayerBehaviour.IsTraining.sum": {
            "value": 1.0,
            "min": 1.0,
            "max": 1.0,
            "count": 69
        }
    },
    "metadata": {
        "timer_format_version": "0.1.0",
        "start_time_seconds": "1642480113",
        "python_version": "3.7.11 (default, Jul 27 2021, 09:42:29) [MSC v.1916 64 bit (AMD64)]",
        "command_line_arguments": "C:\\Users\\DanteZ\\anaconda3\\envs\\ml-agents\\Scripts\\mlagents-learn Config/Player.yaml --run-id Player_01 --resume",
        "mlagents_version": "0.27.0",
        "mlagents_envs_version": "0.27.0",
        "communication_protocol_version": "1.5.0",
        "pytorch_version": "1.10.1+cu113",
        "numpy_version": "1.21.5",
        "end_time_seconds": "1642480835"
    },
    "total": 722.0664026,
    "count": 1,
    "self": 0.009128700000019307,
    "children": {
        "run_training.setup": {
            "total": 0.21401090000000034,
            "count": 1,
            "self": 0.21401090000000034
        },
        "TrainerController.start_learning": {
            "total": 721.843263,
            "count": 1,
            "self": 2.1899558000005754,
            "children": {
                "TrainerController._reset_env": {
                    "total": 28.4681341,
                    "count": 1,
                    "self": 28.4681341
                },
                "TrainerController.advance": {
                    "total": 690.8246475999994,
                    "count": 34774,
                    "self": 0.6407171999985621,
                    "children": {
                        "env_step": {
                            "total": 690.1839304000008,
                            "count": 34774,
                            "self": 323.83108439999626,
                            "children": {
                                "SubprocessEnvManager._take_step": {
                                    "total": 365.76016390000336,
                                    "count": 34774,
                                    "self": 3.2675494000012577,
                                    "children": {
                                        "TorchPolicy.evaluate": {
                                            "total": 362.4926145000021,
                                            "count": 34774,
                                            "self": 91.23775060000042,
                                            "children": {
                                                "TorchPolicy.sample_actions": {
                                                    "total": 271.2548639000017,
                                                    "count": 34774,
                                                    "self": 271.2548639000017
                                                }
                                            }
                                        }
                                    }
                                },
                                "workers": {
                                    "total": 0.5926821000011948,
                                    "count": 34773,
                                    "self": 0.0,
                                    "children": {
                                        "worker_root": {
                                            "total": 694.4825269000004,
                                            "count": 34773,