{"count":1,"self":28.317993599999998,"total":28.670256799999997,"children":{"InitializeActuators":{"count":12,"self":0.0039978999999999995,"total":0.0039978999999999995,"children":null},"InitializeSensors":{"count":12,"self":0.0010014,"total":0.0010014,"children":null},"AgentSendState":{"count":1186,"self":0.0099902999999999988,"total":0.0369791,"children":{"CollectObservations":{"count":2856,"self":0.0069875,"total":0.0069875,"children":null},"WriteActionMask":{"count":2856,"self":0.0019986,"total":0.0019986,"children":null},"RequestDecision":{"count":2856,"self":0.0180027,"total":0.0180027,"children":null}}},"DecideAction":{"count":1186,"self":0.22434279999999998,"total":0.22434279999999998,"children":null},"AgentAct":{"count":1186,"self":0.083942099999999992,"total":0.083942099999999992,"children":null}},"gauges":{},"metadata":{"timer_format_version":"0.1.0","start_time_seconds":"1639982991","unity_version":"2020.3.6f1","command_line_arguments":"C:\\Program Files\\Unity\\Hub\\Editor\\2020.3.6f1\\Editor\\Unity.exe -projectpath C:\/Users\/DanteZ\/Desktop\/SensumApp\/Unity-level-tester-AI -useHub -hubIPC -cloudEnvironment production -hubSessionId ea520470-6159-11ec-9565-698dd097470b","communication_protocol_version":"1.5.0","com.unity.ml-agents_version":"2.0.1","scene_name":"3DBall","end_time_seconds":"1639983020"}}