{
    "name": "root",
    "gauges": {
        "GeneratorBehaviour.Policy.Entropy.mean": {
            "value": 1.400033950805664,
            "min": 1.400033950805664,
            "max": 1.4041869640350342,
            "count": 4
        },
        "GeneratorBehaviour.Policy.Entropy.sum": {
            "value": 1407.0341796875,
            "min": 647.3302001953125,
            "max": 1407.0341796875,
            "count": 4
        },
        "GeneratorBehaviour.Environment.EpisodeLength.mean": {
            "value": 1.8850574712643677,
            "min": 1.2953367875647668,
            "max": 1.8850574712643677,
            "count": 4
        },
        "GeneratorBehaviour.Environment.EpisodeLength.sum": {
            "value": 656.0,
            "min": 250.0,
            "max": 656.0,
            "count": 4
        },
        "GeneratorBehaviour.Step.mean": {
            "value": 11998.0,
            "min": 8999.0,
            "max": 11998.0,
            "count": 4
        },
        "GeneratorBehaviour.Step.sum": {
            "value": 11998.0,
            "min": 8999.0,
            "max": 11998.0,
            "count": 4
        },
        "GeneratorBehaviour.Policy.ExtrinsicValueEstimate.mean": {
            "value": 3.2894608974456787,
            "min": 2.5698115825653076,
            "max": 3.2894608974456787,
            "count": 4
        },
        "GeneratorBehaviour.Policy.ExtrinsicValueEstimate.sum": {
            "value": 1144.732421875,
            "min": 499.95440673828125,
            "max": 1166.1741943359375,
            "count": 4
        },
        "GeneratorBehaviour.Environment.CumulativeReward.mean": {
            "value": 4.526754191894641,
            "min": 3.674381048185751,
            "max": 4.526754191894641,
            "count": 4
        },
        "GeneratorBehaviour.Environment.CumulativeReward.sum": {
            "value": 1575.310458779335,
            "min": 705.4811612516642,
            "max": 1607.8664664253592,
            "count": 4
        },
        "GeneratorBehaviour.Policy.ExtrinsicReward.mean": {
            "value": 4.526754191894641,
            "min": 3.674381048185751,
            "max": 4.526754191894641,
            "count": 4
        },
        "GeneratorBehaviour.Policy.ExtrinsicReward.sum": {
            "value": 1575.310458779335,
            "min": 705.4811612516642,
            "max": 1607.8664664253592,
            "count": 4
        },
        "GeneratorBehaviour.IsTraining.mean": {
            "value": 1.0,
            "min": 1.0,
            "max": 1.0,
            "count": 4
        },
        "GeneratorBehaviour.IsTraining.sum": {
            "value": 1.0,
            "min": 1.0,
            "max": 1.0,
            "count": 4
        },
        "GeneratorBehaviour.Losses.PolicyLoss.mean": {
            "value": 0.05679020427093443,
            "min": 0.05679020427093443,
            "max": 0.05679020427093443,
            "count": 1
        },
        "GeneratorBehaviour.Losses.PolicyLoss.sum": {
            "value": 0.05679020427093443,
            "min": 0.05679020427093443,
            "max": 0.05679020427093443,
            "count": 1
        },
        "GeneratorBehaviour.Losses.ValueLoss.mean": {
            "value": 3.24551730354627,
            "min": 3.24551730354627,
            "max": 3.24551730354627,
            "count": 1
        },
        "GeneratorBehaviour.Losses.ValueLoss.sum": {
            "value": 3.24551730354627,
            "min": 3.24551730354627,
            "max": 3.24551730354627,
            "count": 1
        },
        "GeneratorBehaviour.Policy.LearningRate.mean": {
            "value": 0.0001978784010608,
            "min": 0.0001978784010608,
            "max": 0.0001978784010608,
            "count": 1
        },
        "GeneratorBehaviour.Policy.LearningRate.sum": {
            "value": 0.0001978784010608,
            "min": 0.0001978784010608,
            "max": 0.0001978784010608,
            "count": 1
        },
        "GeneratorBehaviour.Policy.Epsilon.mean": {
            "value": 0.1989392,
            "min": 0.1989392,
            "max": 0.1989392,
            "count": 1
        },
        "GeneratorBehaviour.Policy.Epsilon.sum": {
            "value": 0.1989392,
            "min": 0.1989392,
            "max": 0.1989392,
            "count": 1
        },
        "GeneratorBehaviour.Policy.Beta.mean": {
            "value": 0.00989402608,
            "min": 0.00989402608,
            "max": 0.00989402608,
            "count": 1
        },
        "GeneratorBehaviour.Policy.Beta.sum": {
            "value": 0.00989402608,
            "min": 0.00989402608,
            "max": 0.00989402608,
            "count": 1
        },
        "PlayerBehaviour.Policy.Entropy.mean": {
            "value": 3.05137038230896,
            "min": 3.046384334564209,
            "max": 3.380098819732666,
            "count": 184
        },
        "PlayerBehaviour.Policy.Entropy.sum": {
            "value": 2553.9970703125,
            "min": 588.5465698242188,
            "max": 5787.8359375,
            "count": 184
        },
        "PlayerBehaviour.Environment.EpisodeLength.mean": {
            "value": 352.0,
            "min": 20.0,
            "max": 352.0,
            "count": 184
        },
        "PlayerBehaviour.Environment.EpisodeLength.sum": {
            "value": 352.0,
            "min": 40.0,
            "max": 2192.0,
            "count": 184
        },
        "PlayerBehaviour.Step.mean": {
            "value": 460921.0,
            "min": 277984.0,
            "max": 460921.0,
            "count": 184
        },
        "PlayerBehaviour.Step.sum": {
            "value": 460921.0,
            "min": 277984.0,
            "max": 460921.0,
            "count": 184
        },
        "PlayerBehaviour.Policy.ExtrinsicValueEstimate.mean": {
            "value": 0.36171960830688477,
            "min": -0.4117322564125061,
            "max": 0.4199981689453125,
            "count": 184
        },
        "PlayerBehaviour.Policy.ExtrinsicValueEstimate.sum": {
            "value": 2.893756866455078,
            "min": -5.352519512176514,
            "max": 5.03997802734375,
            "count": 184
        },
        "PlayerBehaviour.Environment.CumulativeReward.mean": {
            "value": 0.056446582078933716,
            "min": -1.0,
            "max": 3.029465827345848,
            "count": 184
        },
        "PlayerBehaviour.Environment.CumulativeReward.sum": {
            "value": 0.056446582078933716,
            "min": -3.6185469031333923,
            "max": 32.45887839049101,
            "count": 184
        },
        "PlayerBehaviour.Policy.ExtrinsicReward.mean": {
            "value": 0.056446582078933716,
            "min": -1.0,
            "max": 3.029465827345848,
            "count": 184
        },
        "PlayerBehaviour.Policy.ExtrinsicReward.sum": {
            "value": 0.056446582078933716,
            "min": -3.6185469031333923,
            "max": 32.45887839049101,
            "count": 184
        },
        "PlayerBehaviour.IsTraining.mean": {
            "value": 1.0,
            "min": 1.0,
            "max": 1.0,
            "count": 184
        },
        "PlayerBehaviour.IsTraining.sum": {
            "value": 1.0,
            "min": 1.0,
            "max": 1.0,
            "count": 184
        },
        "PlayerBehaviour.Losses.PolicyLoss.mean": {
            "value": 0.07445405937808876,
            "min": 0.04974253442681705,
            "max": 0.09073567603869985,
            "count": 86
        },
        "PlayerBehaviour.Losses.PolicyLoss.sum": {
            "value": 0.07445405937808876,
            "min": 0.04974253442681705,
            "max": 0.09073567603869985,
            "count": 86
        },
        "PlayerBehaviour.Losses.ValueLoss.mean": {
            "value": 0.15265026890362302,
            "min": 0.08212598335618775,
            "max": 0.31991700641810894,
            "count": 86
        },